{
    "$schema": "https://schema.management.azure.com/schemas/2019-04-01/deploymentTemplate.json#",
    "contentVersion": "1.0.0.0",
    "parameters": {
        "virtualMachines_maVM_name": {
            "defaultValue": "maVM",
            "type": "String"
        },
        "disks_maVM_OsDisk_1_f423fb63e7be48aa8ccd8d462cc95de2_externalid": {
            "defaultValue": "/subscriptions/5b5252dd-bd8b-42d8-9dd7-e57456df9096/resourceGroups/01-myVM/providers/Microsoft.Compute/disks/maVM_OsDisk_1_f423fb63e7be48aa8ccd8d462cc95de2",
            "type": "String"
        },
        "networkInterfaces_mavm556_z1_externalid": {
            "defaultValue": "/subscriptions/5b5252dd-bd8b-42d8-9dd7-e57456df9096/resourceGroups/01-myVM/providers/Microsoft.Network/networkInterfaces/mavm556_z1",
            "type": "String"
        }
    },
    "variables": {},
    "resources": [
        {
            "type": "Microsoft.Compute/virtualMachines",
            "apiVersion": "2024-11-01",
            "name": "[parameters('virtualMachines_maVM_name')]",
            "location": "francecentral",
            "zones": [
                "1"
            ],
            "properties": {
                "hardwareProfile": {
                    "vmSize": "Standard_B1s"
                },
                "additionalCapabilities": {
                    "hibernationEnabled": false
                },
                "storageProfile": {
                    "imageReference": {
                        "publisher": "canonical",
                        "offer": "ubuntu-24_04-lts",
                        "sku": "server",
                        "version": "latest"
                    },
                    "osDisk": {
                        "osType": "Linux",
                        "name": "[concat(parameters('virtualMachines_maVM_name'), '_OsDisk_1_f423fb63e7be48aa8ccd8d462cc95de2')]",
                        "createOption": "FromImage",
                        "caching": "ReadWrite",
                        "managedDisk": {
                            "storageAccountType": "Premium_LRS",
                            "id": "[parameters('disks_maVM_OsDisk_1_f423fb63e7be48aa8ccd8d462cc95de2_externalid')]"
                        },
                        "deleteOption": "Delete",
                        "diskSizeGB": 30
                    },
                    "dataDisks": [],
                    "diskControllerType": "SCSI"
                },
                "osProfile": {
                    "computerName": "[parameters('virtualMachines_maVM_name')]",
                    "adminUsername": "STUDENT",
                    "linuxConfiguration": {
                        "disablePasswordAuthentication": false,
                        "provisionVMAgent": true,
                        "patchSettings": {
                            "patchMode": "ImageDefault",
                            "assessmentMode": "ImageDefault"
                        }
                    },
                    "secrets": [],
                    "allowExtensionOperations": true,
                    "requireGuestProvisionSignal": true
                },
                "securityProfile": {
                    "uefiSettings": {
                        "secureBootEnabled": true,
                        "vTpmEnabled": true
                    },
                    "securityType": "TrustedLaunch"
                },
                "networkProfile": {
                    "networkInterfaces": [
                        {
                            "id": "[parameters('networkInterfaces_mavm556_z1_externalid')]",
                            "properties": {
                                "deleteOption": "Detach"
                            }
                        }
                    ]
                },
                "diagnosticsProfile": {
                    "bootDiagnostics": {
                        "enabled": true
                    }
                }
            }
        }
    ]
}